{"coverage": 0.95, "avg_width": 1230.5747582607173, "mean_winkler": 1731.2266996948647}