{"coverage": 0.95, "avg_width": 1248.0490521452173, "mean_winkler": 1757.1815953658368}
